{
    "macro_f1": 0.9121371445497631,
    "accuracy": 0.9047619047619048
}